{
  "timestamp": 1777883914.41574,
  "quality_signal": 0.6032394197381681,
  "coupling_score": 0.5931122448979592,
  "cycle_count": 0,
  "god_file_count": 1,
  "hotspot_count": 0,
  "complex_fn_count": 501,
  "max_depth": 6,
  "total_import_edges": 784,
  "cross_module_edges": 481
}