{
  "timestamp": 1777817092.3701,
  "quality_signal": 0.5936942787783444,
  "coupling_score": 0.6285714285714286,
  "cycle_count": 0,
  "god_file_count": 0,
  "hotspot_count": 0,
  "complex_fn_count": 496,
  "max_depth": 6,
  "total_import_edges": 665,
  "cross_module_edges": 433
}