{
  "timestamp": 1777427096.610054,
  "quality_signal": 0.5967476021439635,
  "coupling_score": 0.6057142857142858,
  "cycle_count": 0,
  "god_file_count": 0,
  "hotspot_count": 0,
  "complex_fn_count": 367,
  "max_depth": 6,
  "total_import_edges": 525,
  "cross_module_edges": 367
}