{
  "timestamp": 1778400040.902747,
  "quality_signal": 0.6131945125300353,
  "coupling_score": 0.46574344023323616,
  "cycle_count": 0,
  "god_file_count": 3,
  "hotspot_count": 0,
  "complex_fn_count": 442,
  "max_depth": 8,
  "total_import_edges": 1372,
  "cross_module_edges": 741
}