{
  "timestamp": 1778595471.509497,
  "quality_signal": 0.6125402470652861,
  "coupling_score": 0.47149894440534834,
  "cycle_count": 0,
  "god_file_count": 3,
  "hotspot_count": 0,
  "complex_fn_count": 452,
  "max_depth": 8,
  "total_import_edges": 1421,
  "cross_module_edges": 775
}