{
  "timestamp": 1777904771.150171,
  "quality_signal": 0.6048353684861018,
  "coupling_score": 0.5693950177935944,
  "cycle_count": 0,
  "god_file_count": 1,
  "hotspot_count": 0,
  "complex_fn_count": 503,
  "max_depth": 6,
  "total_import_edges": 843,
  "cross_module_edges": 496
}