{
  "timestamp": 1779294156.642454,
  "quality_signal": 0.6130633058514087,
  "coupling_score": 0.48141263940520446,
  "cycle_count": 0,
  "god_file_count": 3,
  "hotspot_count": 0,
  "complex_fn_count": 472,
  "max_depth": 8,
  "total_import_edges": 1614,
  "cross_module_edges": 884
}
